threshold,reviewed_n,reviewed_percent,precision,recall,dollar_precision,dollar_recall,expected_cost
2.6988396e-08,88581,100.0,0.03480430340592226,1.0,0.03865473545101181,1.0,854980.0
4.668563260651629e-07,88358,99.74825301136812,0.034892143326014625,1.0,0.038705839557773854,1.0,852750.0
7.146417145363409e-07,88136,99.49763493299918,0.034980030861396026,1.0,0.03876198711561899,1.0,850530.0
9.520490917293233e-07,87914,99.24701685463023,0.035068362263120774,1.0,0.03882142655682853,1.0,848310.0
1.1850962218045113e-06,87692,98.99639877626127,0.03515714090224878,1.0,0.038874243093266245,1.0,846090.0
1.3833292849624061e-06,87470,98.74578069789233,0.03523493769292329,0.9996756406097956,0.038902877656636525,0.9994676393383951,844130.0
1.5819430180451128e-06,87248,98.49516261952337,0.03530166880616174,0.999026921829387,0.038947144621520394,0.9990843396620397,842110.0
1.7826338157894737e-06,87026,98.24454454115443,0.03536874037643922,0.9983782030489783,0.03899381387297722,0.9989076957400109,839992.953125
1.9875522330827065e-06,86804,97.99392646278547,0.035459195428782085,0.9983782030489783,0.03904637040345846,0.9989076957400109,837772.953125
2.1874602909774434e-06,86582,97.74330838441652,0.03555011434247303,0.9983782030489783,0.03910667929251757,0.9989076957400109,835552.953125
2.4093510458646618e-06,86360,97.49269030604758,0.0356415006947661,0.9983782030489783,0.0391704972096616,0.9989076957400109,833332.953125
2.611987572681704e-06,86138,97.24207222767862,0.035733358099793354,0.9983782030489783,0.03922617990112118,0.9989076957400109,831112.953125
2.7988825263157895e-06,85916,96.99145414930967,0.0358140509334699,0.9980538436587739,0.03927773766205917,0.9987843211566839,828960.890625
2.997028560150376e-06,85694,96.74083607094072,0.03590683128340374,0.9980538436587739,0.03934685185072235,0.9987843211566839,826740.890625
3.1933646385964912e-06,85472,96.49021799257177,0.036000093597903404,0.9980538436587739,0.03940358930912943,0.9987843211566839,824520.890625
3.408927812030075e-06,85250,96.23959991420281,0.036070381231671556,0.9974051248783652,0.03945285590632928,0.9985991927366109,822407.828125
3.602839266666666e-06,85028,95.98898183583387,0.03616455755751047,0.9974051248783652,0.0395134635478044,0.9985991927366109,820187.828125
3.792635221804511e-06,84806,95.73836375746492,0.03624743532297243,0.9970807654881609,0.0395700148031934,0.9985267916866326,818011.828125
3.984067020300752e-06,84584,95.48774567909597,0.03630710299820297,0.9961076873175478,0.03961851186640658,0.9983457890616869,815906.828125
4.172465571428572e-06,84362,95.23712760072702,0.03639079206277708,0.9957833279273435,0.039678382085262205,0.9980966442720559,813813.828125
4.340349984962406e-06,84140,94.98650952235806,0.036486807701449964,0.9957833279273435,0.03973804979645591,0.9980966442720559,811593.828125
4.534051684210526e-06,83918,94.73589144398912,0.03655949855811626,0.9951346091469349,0.0397816498629567,0.9977624548667334,809550.765625
4.725432594235589e-06,83696,94.48527336562017,0.03665647103804244,0.9951346091469349,0.039851116743693,0.9977624548667334,807330.765625
4.9360878398496245e-06,83474,94.23465528725121,0.036741979538538944,0.9948102497567305,0.039910868833685526,0.9976390802834065,805178.703125
5.146821409022556e-06,83252,93.98403720888227,0.03682794407341566,0.9944858903665261,0.039961836732668676,0.9974092335677587,803076.640625
5.349229794486215e-06,83030,93.73341913051331,0.036926412140190296,0.9944858903665261,0.04003005021861479,0.9974092335677587,800856.640625
5.61578431528822e-06,82808,93.48280105214437,0.03702540817312337,0.9944858903665261,0.04009518825881502,0.9974092335677587,798636.640625
5.81234547368421e-06,82586,93.23218297377541,0.037124936429903374,0.9944858903665261,0.04016138229226404,0.9974092335677587,796416.640625
6.008345803508772e-06,82364,92.98156489540646,0.03722500121412267,0.9944858903665261,0.04022077821649911,0.9974092335677587,794196.640625
6.224853893483709e-06,82142,92.73094681703752,0.03732560687589784,0.9944858903665261,0.04028599774036914,0.9974092335677587,791976.640625
6.442650991729323e-06,81920,92.48032873866856,0.0374267578125,0.9944858903665261,0.040350319521831365,0.9974092335677587,789756.640625
6.6589520303258146e-06,81698,92.22971066029962,0.037516218267277045,0.9941615309763218,0.040412114366318315,0.9972645645579675,787614.578125
6.8818128616541355e-06,81476,91.97909258193066,0.03761843978594924,0.9941615309763218,0.040481069253714135,0.9972645645579675,785394.578125
7.10693582330827e-06,81254,91.72847450356171,0.03772121987840599,0.9941615309763218,0.040546157281541935,0.9972645645579675,783174.578125
7.32858590877193e-06,81032,91.47785642519275,0.03782456313555139,0.9941615309763218,0.040609854896282084,0.9972645645579675,780954.578125
7.548107666666666e-06,80810,91.22723834682381,0.03792847419873778,0.9941615309763218,0.040673860125029604,0.9972645645579675,778734.578125
7.783463436090225e-06,80588,90.97662026845487,0.03800814016975232,0.993512812195913,0.04073895039342745,0.997057076990107,776632.015625
8.05035176190476e-06,80366,90.72600219008591,0.038100689346240946,0.9931884528057088,0.04081475373452426,0.9969527343004325,774471.015625
8.285178428571429e-06,80144,90.47538411171696,0.03820622878818127,0.9931884528057088,0.04087339717563688,0.9969527343004325,772251.015625
8.536666721804511e-06,79922,90.224766033348,0.03831235454568204,0.9931884528057088,0.040947526773807,0.9969527343004325,770031.015625
8.784889496240603e-06,79700,89.97414795497906,0.038419071518193224,0.9931884528057088,0.04101903603263824,0.9969527343004325,767811.015625
9.000123837092731e-06,79478,89.72352987661012,0.038513802561715195,0.9928640934155044,0.041103544580723336,0.9968994982342719,765626.015625
9.252686578947365e-06,79256,89.47291179824116,0.03862168163924498,0.9928640934155044,0.04116814417783969,0.9968994982342719,763406.015625
9.496673270676691e-06,79034,89.22229371987221,0.038717513981324496,0.9925397340253,0.04123275768809641,0.9967846414215308,761249.953125
9.770582834586466e-06,78812,88.97167564150325,0.03882657463330457,0.9925397340253,0.041304040438562284,0.9967846414215308,759029.953125
1.0054535172932331e-05,78590,88.72105756313431,0.03893625143147983,0.9925397340253,0.041381179108145365,0.9967846414215308,756809.953125
1.0279437248120302e-05,78368,88.47043948476535,0.03904654961208657,0.9925397340253,0.04144364779333683,0.9967846414215308,754589.953125
1.0526210328320802e-05,78146,88.2198214063964,0.03915747447086223,0.9925397340253,0.04152498391078747,0.9967846414215308,752369.953125
1.0826656466165413e-05,77924,87.96920332802746,0.03926903136389302,0.9925397340253,0.04160095020689777,0.9967846414215308,750149.953125
1.1089582877192982e-05,77702,87.7185852496585,0.03938122570847597,0.9925397340253,0.04167462435197758,0.9967846414215308,747929.953125
1.1363846116541353e-05,77480,87.46796717128956,0.03948115642746515,0.9922153746350957,0.041755448460766446,0.9966781692892097,745769.953125
1.1643596383458646e-05,77258,87.2173490929206,0.03959460508944058,0.9922153746350957,0.04183196555022221,0.9966781692892097,743549.953125
1.1905335726817042e-05,77036,86.96673101455166,0.039708707617217925,0.9922153746350957,0.04191038907236011,0.9966781692892097,741329.953125
1.2218090060150376e-05,76814,86.7161129361827,0.039823469680006246,0.9922153746350957,0.04198727994184245,0.9966781692892097,739109.953125
1.2509394060150374e-05,76592,86.46549485781375,0.03993889701274284,0.9922153746350957,0.042072355935847794,0.9966781692892097,736889.953125
1.2758023847117795e-05,76370,86.21487677944481,0.04004190127013225,0.9918910152448913,0.042155759476576696,0.9964822605657392,734771.953125
1.3083799543859648e-05,76148,85.96425870107585,0.040158638440930816,0.9918910152448913,0.042248851927111614,0.9964822605657392,732551.953125
1.3393813571428571e-05,75926,85.7136406227069,0.040276058267260224,0.9918910152448913,0.04233422317415668,0.9964822605657392,730331.953125
1.3694499388471178e-05,75704,85.46302254433795,0.04039416675472894,0.9918910152448913,0.042417661553961705,0.9964822605657392,728111.953125
1.399109950877193e-05,75482,85.212404465969,0.040499721787975944,0.991566655854687,0.0424798786960364,0.9962331157761081,726018.953125
1.4273048909774436e-05,75260,84.96178638760004,0.04061918681902737,0.991566655854687,0.04256242052909476,0.9962331157761081,723798.953125
1.454823426566416e-05,75038,84.7111683092311,0.04073935872491271,0.991566655854687,0.04263587587251473,0.9962331157761081,721578.953125
1.4850258647869673e-05,74816,84.46055023086215,0.04086024379811805,0.991566655854687,0.042726580680953974,0.9962331157761081,719358.953125
1.5171251421052628e-05,74594,84.2099321524932,0.04098184840603802,0.991566655854687,0.0428408387295276,0.9962331157761081,717138.953125
1.5456636102756886e-05,74372,83.95931407412425,0.04109073307158608,0.9912422964644827,0.04292633059265179,0.9962011741364118,714943.953125
1.5749825558897243e-05,74150,83.70869599575529,0.04121375590020229,0.9912422964644827,0.043008977124119455,0.9962011741364118,712723.953125
1.6042338406015036e-05,73928,83.45807791738635,0.041337517584676985,0.9912422964644827,0.04308878776924952,0.9962011741364118,710503.953125
1.6350092418546365e-05,73706,83.2074598390174,0.0414484573847448,0.9909179370742783,0.043172511720000625,0.9960756701104385,708352.890625
1.6665114962406013e-05,73484,82.95684176064844,0.04156006749768657,0.990593577684074,0.043270538447459046,0.9959809099126729,706187.390625
1.6984989556390977e-05,73262,82.7062236822795,0.04165870437607491,0.9899448589036652,0.04331653340463939,0.9951910197810167,704358.328125
1.733421107017544e-05,73040,82.45560560391054,0.041785323110624314,0.9899448589036652,0.04340608180685809,0.9951910197810167,702138.328125
1.766396478446115e-05,72818,82.2049875255416,0.04187151528468236,0.9889717807330523,0.04347744841706,0.9947854940470391,700138.765625
1.8020267526315788e-05,72596,81.95436944717264,0.04195823461347733,0.9879987025624392,0.04355076943525526,0.9945999705155375,698035.888671875
1.837241825062656e-05,72374,81.7037513688037,0.04207312018128057,0.9876743431722348,0.04361904972207236,0.9942912013318067,695970.888671875
1.8723719847117793e-05,72152,81.45313329043475,0.042160993458254796,0.9867012650016218,0.043658641429273254,0.9931519495159723,694315.888671875
1.9070732187969924e-05,71930,81.20251521206579,0.04227721395801474,0.9863769056114174,0.04375250003318718,0.9930839071689109,692137.841796875
1.9396232619047616e-05,71708,80.95189713369685,0.0424080995146985,0.9863769056114174,0.04384792963204226,0.9930839071689109,689917.841796875
1.9757053964912275e-05,71486,80.70127905532789,0.042511820496320955,0.9857281868310087,0.04391413065461726,0.9924771491048467,688002.779296875
2.0106255353383458e-05,71264,80.45066097695894,0.04264425235743152,0.9857281868310087,0.04400701707697333,0.9924771491048467,685782.779296875
2.0435132889724307e-05,71042,80.20004289858998,0.042777511894372344,0.9857281868310087,0.04408762402406486,0.9924771491048467,683562.779296875
2.0787771082706765e-05,70820,79.94942482022104,0.04289748658571025,0.9854038274408045,0.044178689759623614,0.9924345602519183,681372.779296875
2.1150407488721804e-05,70598,79.6988067418521,0.043032380520694635,0.9854038274408045,0.04428468804957708,0.9924345602519183,679152.779296875
2.1532378914786957e-05,70376,79.44818866348314,0.043153916107764013,0.9850794680506001,0.04436930637092663,0.9923131820210724,676999.779296875
2.192332412781954e-05,70154,79.19757058511419,0.04327622088548051,0.9847551086603957,0.044462672491344474,0.9922111018642098,674837.716796875
2.2330029263157884e-05,69932,78.94695250674523,0.04339930217925985,0.9844307492701914,0.044574516035992356,0.9921898074377455,672637.716796875
2.2761468588972418e-05,69710,78.69633442837629,0.04353751255200115,0.9844307492701914,0.04467733049816768,0.9921898074377455,670417.716796875
2.3094372363408522e-05,69488,78.44571635000734,0.043647824084734055,0.9837820304897826,0.04476499854775081,0.9919133458916659,668347.544921875
2.35170967518797e-05,69266,78.19509827163839,0.043773279819825026,0.9834576710995784,0.04486090068292184,0.9917877087755271,666196.544921875
2.3874681789473682e-05,69044,77.94448019326944,0.0438705752853253,0.9824845929289653,0.04489585978963325,0.9902970989230335,664706.544921875
2.431303840350877e-05,68822,77.69386211490048,0.044012089157536835,0.9824845929289653,0.044985883502383334,0.9902970989230335,662486.544921875
2.468598169924812e-05,68600,77.44324403653154,0.0441399416909621,0.9821602335387609,0.045079170051675096,0.990243862856873,660301.544921875
2.5146263842105268e-05,68378,77.19262595816258,0.044268624411360376,0.9818358741485566,0.04517283287977768,0.9901395201671985,658140.544921875
2.5537210380952384e-05,68156,76.94200787979364,0.04441281765361817,0.9818358741485566,0.04528186463057773,0.9901395201671985,655920.544921875
2.593273407518797e-05,67934,76.69138980142469,0.044528512968469394,0.9811871553681479,0.04539044738368981,0.9900554071826649,653760.044921875
2.6342903516290728e-05,67712,76.44077172305573,0.04465973534971645,0.9808627959779436,0.04549687502664065,0.989948935050344,651600.044921875
2.6762283571428572e-05,67490,76.19015364468679,0.04480663802044747,0.9808627959779436,0.04561080556981666,0.989948935050344,649380.044921875
2.7175379368421053e-05,67268,75.93953556631783,0.04495451031694119,0.9808627959779436,0.04571315276095645,0.989948935050344,647160.044921875
2.769195338345865e-05,67046,75.68891748794888,0.045073531605166604,0.9802140771975348,0.04583694361131134,0.9897064114964416,645073.935546875
2.801796150877193e-05,66824,75.43829940957993,0.04520830839219442,0.9798897178073305,0.04592051502858546,0.9893657006730145,643023.935546875
2.8449904631578948e-05,66602,75.18768133121098,0.04534398366415423,0.9795653584171262,0.04602527901069624,0.9890675787025158,640953.935546875
2.8814272135338345e-05,66380,74.93706325284204,0.04549563121422115,0.9795653584171262,0.04613525991043317,0.9890675787025158,638733.935546875
2.9265208528822057e-05,66158,74.68644517447308,0.045633181172344994,0.9792409990269219,0.046252859786735635,0.9889611065701949,636573.935546875
2.9675843082706766e-05,65936,74.43582709610413,0.0457716573647173,0.9789166396367175,0.04634516242548484,0.9888567638805202,634412.935546875
3.010711442105263e-05,65714,74.18520901773518,0.04591106917856164,0.9785922802465131,0.04647313940504257,0.9888014981893374,632228.888671875
3.054722364160401e-05,65492,73.93459093936623,0.046066695168875585,0.9785922802465131,0.04658672864672691,0.9888014981893374,630008.888671875
3.0985792368421055e-05,65270,73.68397286099727,0.04620805883254175,0.9782679208563088,0.046699703451788456,0.9886737316305523,627858.888671875
3.144331080451128e-05,65048,73.43335478262833,0.046365760669044395,0.9782679208563088,0.046824314608278704,0.9886737316305523,625638.888671875
3.192773973934837e-05,64826,73.18273670425938,0.046509116712430194,0.9779435614661044,0.046925500920515895,0.9885651300555849,623479.888671875
3.248969619548872e-05,64604,72.93211862589042,0.0466689369079314,0.9779435614661044,0.047036313542299854,0.9885651300555849,621259.888671875
3.29923600802005e-05,64382,72.68150054752148,0.04678326240253487,0.9769704832954914,0.04714521012767587,0.9883246402857725,619182.82421875
3.348259142857143e-05,64160,72.43088246915252,0.046913965087281795,0.9763217645150827,0.04707150637759117,0.9841189910590942,618957.82421875
3.3952989563909774e-05,63938,72.18026439078358,0.047076855703963215,0.9763217645150827,0.04717657750166179,0.9841189910590942,616737.82421875
3.442789019298245e-05,63716,71.92964631241463,0.047178102831313955,0.9750243269542653,0.047168168293368166,0.9814074120292099,615831.19921875
3.493593293483709e-05,63494,71.67902823404567,0.04734305603679088,0.9750243269542653,0.047272736292549175,0.9814074120292099,613611.19921875
3.5446904571428564e-05,63272,71.42841015567673,0.04750916677203186,0.9750243269542653,0.04740366012079842,0.9814074120292099,611391.19921875
3.5963416466165415e-05,63050,71.17779207730777,0.04767644726407613,0.9750243269542653,0.04751971569239859,0.9814074120292099,609171.19921875
3.6423815e-05,62845,70.94636547340852,0.04783196753918371,0.9750243269542653,0.047625146993716505,0.9814074120292099,607121.19921875
3.690334902255639e-05,62606,70.67655592056987,0.047966648564035395,0.9740512487836522,0.04775910528219221,0.9810135649572463,604946.15234375
3.74410729774436e-05,62384,70.42593784220092,0.04813734290843806,0.9740512487836522,0.047872382869108464,0.9810135649572463,602726.15234375
3.8032452421052625e-05,62162,70.17531976383198,0.048260995463466426,0.9730781706130393,0.04796136932865176,0.9802938133427566,600874.15234375
3.869515285714285e-05,61940,69.92470168546302,0.04841782370035518,0.9727538112228349,0.04805195917276064,0.9800808690781146,598764.15234375
3.92515427518797e-05,61718,69.67408360709408,0.0485433747043002,0.9717807330522219,0.048150620559037766,0.9796400744503058,596781.15234375
3.980721822556391e-05,61496,69.42346552872512,0.048718615844933005,0.9717807330522219,0.048296235187629016,0.9796400744503058,594561.15234375
4.042860388721804e-05,61274,69.17284745035617,0.04889512680745504,0.9717807330522219,0.04840662405882207,0.9796400744503058,592341.15234375
4.1044303e-05,61057,68.92787392330183,0.04903614655158295,0.9711320142718132,0.04853195589673179,0.9794890171125754,590262.08984375
4.1596975137844604e-05,60830,68.67161129361827,0.04920269603813908,0.9708076548816088,0.04866494709949956,0.9794424022821436,588023.98046875
4.219151757894736e-05,60608,68.42099321524933,0.04934992080253432,0.9701589361012001,0.048772147635002275,0.9791082128768211,585980.91796875
4.2809478629072665e-05,60386,68.17037513688037,0.04949822806610804,0.9695102173207915,0.0489239275127098,0.9789495693996629,583855.41796875
4.343207143358395e-05,60164,67.91975705851142,0.04968087228242803,0.9695102173207915,0.049063895822441736,0.9789495693996629,581635.41796875
4.398898281203007e-05,59942,67.66913898014246,0.04984818658036102,0.9691858579305871,0.04918577454358109,0.9788448274394922,579474.60546875
4.4587365463659144e-05,59720,67.41852090177352,0.05,0.9685371391501784,0.04929482121842179,0.9786755367491019,577354.10546875
4.516270942355889e-05,59498,67.16790282340457,0.0501697536051632,0.968212779759974,0.04942106803718754,0.9783774147786032,575284.10546875
4.5836047157894715e-05,59276,66.91728474503562,0.05034077873000877,0.9678884203697697,0.049553208149956354,0.9774298128009465,573519.10546875
4.6448598666666655e-05,59054,66.66666666666667,0.05049615606055475,0.967239701589361,0.049686758755502394,0.9772692727889313,571394.49609375
4.708685462155389e-05,58832,66.41604858829771,0.05066970356268697,0.9669153421991566,0.049829317375151415,0.9771755773124888,569228.49609375
4.7724317067669164e-05,58610,66.16543050992877,0.05086162770858215,0.9669153421991566,0.04997085885263338,0.9771755773124888,567008.49609375
4.841814741854636e-05,58388,65.91481243155981,0.051037884496814415,0.9665909828089523,0.050114447184649545,0.9771329884595604,564818.49609375
4.9066687035087717e-05,58166,65.66419435319087,0.051215486710449405,0.966266623418748,0.05023744506967748,0.97641962517301,562943.49609375
4.971353234586466e-05,57944,65.41357627482192,0.05135993372911777,0.9652935452481349,0.050373375666749265,0.9761601658955603,560875.33984375
5.041472654135338e-05,57722,65.16295819645296,0.05155746509129968,0.9652935452481349,0.05050792849139211,0.9761601658955603,558655.33984375
5.107148822807017e-05,57500,64.91234011808402,0.05175652173913044,0.9652935452481349,0.050637916840777925,0.9761601658955603,556435.33984375
5.18384002556391e-05,57278,64.66172203971506,0.0519222039875694,0.9646448264677262,0.050782799252461264,0.9760228168448662,554299.83984375
5.250221905263158e-05,57056,64.41110396134611,0.05212422882781828,0.9646448264677262,0.05096839270885867,0.9760228168448662,552079.83984375
5.3179956365914786e-05,56834,64.16048588297716,0.05231023683006651,0.964320467077522,0.051165762554511114,0.9758355589821467,549957.77734375
5.387942538345864e-05,56612,63.90986780460821,0.052462375468098635,0.9633473889069089,0.05127126748736028,0.9752031145161602,548064.77734375
5.4718607518796974e-05,56390,63.65924972623926,0.052633445646391205,0.9626986701265001,0.05140318921899928,0.9749732678005123,545972.71484375
5.537691552882205e-05,56168,63.40863164787031,0.05284147557328016,0.9626986701265001,0.05157715172539244,0.9749732678005123,543752.71484375
5.612491421052631e-05,55946,63.158013569501364,0.053015407714581915,0.9620499513460915,0.05172962948756775,0.9747092169123562,541676.71484375
5.690243735588971e-05,55724,62.90739549113241,0.053190725719618116,0.9614012325656828,0.05187674228306503,0.9743272481376548,539656.08984375
5.766483364411027e-05,55502,62.65677741276346,0.05334942884941083,0.9604281543950698,0.05201406358696008,0.9738630296407353,537684.08984375
5.8453682030075155e-05,55280,62.40615933439451,0.05352749638205499,0.9597794356146611,0.052159166270730216,0.9737332334569277,535545.04296875
5.926881515789473e-05,55058,62.15554125602556,0.05368883722619783,0.958806357444048,0.052288538147683784,0.9733097072780797,533553.93359375
6.001035952380952e-05,54836,61.904923177656606,0.053887956816689765,0.9584819980538437,0.0524715253481074,0.9732564712119193,531368.93359375
6.084335972932325e-05,54614,61.654305099287654,0.0540154539129161,0.9568602011028219,0.05261661747633083,0.9727390166488393,529441.93359375
6.156337368421052e-05,54392,61.40368702091871,0.054235917046624504,0.9568602011028219,0.052791410683200785,0.9727390166488393,527221.93359375
6.228037243107768e-05,54170,61.15306894254976,0.05438434557873362,0.9555627635420045,0.05292104520652708,0.9721534199210741,525316.93359375
6.3064785e-05,53960,60.91599778733588,0.054595997034840624,0.9555627635420045,0.05305623234588737,0.9721534199210741,523216.93359375
6.395108310776942e-05,53726,60.651832785811855,0.054815173286676844,0.9552384041518002,0.053203519806367595,0.9719214437627797,520995.87109375
6.484985862155386e-05,53504,60.401214707442904,0.05500523325358852,0.9545896853713915,0.053385901289387236,0.9716992497316423,518900.21484375
6.549631186466164e-05,53282,60.15059662907395,0.055234413122630534,0.9545896853713915,0.05354198584830541,0.9716992497316423,516680.21484375
6.63501731829574e-05,53060,59.89997855070501,0.055408970976253295,0.9536166072007785,0.053710597029055264,0.9714053866464365,514628.21484375
6.73447867719298e-05,52838,59.649360472336056,0.05556606987395435,0.9523191696399611,0.05382396871952677,0.9706661373227154,512795.37109375
6.825391607518794e-05,52616,59.398742393967105,0.055800516953018096,0.9523191696399611,0.054000323186082874,0.9706661373227154,510575.37109375
6.900050007518796e-05,52394,59.14812431559815,0.05599877848608619,0.9516704508595524,0.054138273137413005,0.9704098722092355,508495.71484375
6.99687681453634e-05,52172,58.8975062372292,0.05619872728666718,0.9510217320791436,0.05428021656796493,0.9701394329931402,506422.71484375
7.10744336842105e-05,51950,58.64688815886025,0.05640038498556304,0.950373013298735,0.054465912632242756,0.97005022930978,504264.60546875
7.18939447794486e-05,51728,58.3962700804913,0.05660377358490566,0.9497242945183263,0.05447900614054472,0.9667219104534265,503627.60546875
7.2797308245614e-05,51506,58.145652002122354,0.056847745893682286,0.9497242945183263,0.05469420685636288,0.9667219104534265,501407.60546875
7.370349578947368e-05,51284,57.8950339237534,0.057074331175415334,0.9493999351281219,0.054877609719967815,0.9664727656637954,499314.60546875
7.463587166666664e-05,51062,57.64441584538445,0.05728330265167835,0.9487512163477133,0.05504231976955993,0.966011874421011,497331.04296875
7.560128240601503e-05,50840,57.3937977670155,0.05753343823760818,0.9487512163477133,0.05524495939474477,0.966011874421011,495111.04296875
7.653384714285702e-05,50618,57.14317968864655,0.057785767908649095,0.9487512163477133,0.055408948909036894,0.966011874421011,492891.04296875
7.748797675438596e-05,50396,56.892561610277596,0.05800063497102945,0.9481024975673046,0.055558325766985724,0.9654163624759232,490970.69921875
7.836277332330827e-05,50174,56.64194353190865,0.05825726471877865,0.9481024975673046,0.05574362860055843,0.9654163624759232,488750.69921875
7.940524723308267e-05,49952,56.3913254535397,0.058496156310057654,0.9477781381771002,0.055912623527840516,0.9653226669994808,486584.69921875
8.063295649122806e-05,49730,56.14070737517075,0.05873718077619143,0.9474537787868959,0.05610982738785597,0.9651970298833421,484433.69921875
8.177644307769423e-05,49508,55.8900892968018,0.05896016805364789,0.9468050600064872,0.056328295175477314,0.964905429330948,482370.63671875
8.289114518796991e-05,49286,55.639471218432845,0.05920545388142678,0.9464807006162829,0.056546737535042066,0.9647927019608532,480213.57421875
8.40495703258145e-05,49064,55.388853140063894,0.059473340942442526,0.9464807006162829,0.05674129095152157,0.9647927019608532,477993.57421875
8.524765609022556e-05,48842,55.13823506169494,0.05968224069448425,0.9455076224456698,0.05691433308581002,0.964456250022719,475961.57421875
8.644508947368415e-05,48620,54.887616983326,0.05991361579596874,0.9448589036652612,0.05710125273989032,0.9643626917955095,473805.509765625
8.747099525062657e-05,48398,54.636998904957046,0.06016777552791438,0.9445345442750568,0.057178835583224286,0.9611600100552947,473099.509765625
8.846242263157895e-05,48176,54.386380826588095,0.06038276320159416,0.9435614661044437,0.05728016874205093,0.9595645251524649,471658.759765625
8.963133984962407e-05,47954,54.13576274821914,0.060641448054385455,0.9432371067142393,0.05749671573596724,0.9594474058069119,469503.759765625
9.091564994987469e-05,47732,53.88514466985019,0.06090253917707199,0.9429127473240351,0.05769074882402724,0.9593856519701658,467322.759765625
9.224998401002506e-05,47510,53.63452659148124,0.06118711850136813,0.9429127473240351,0.05791325201313481,0.9593856519701658,465102.759765625
9.353944920300753e-05,47288,53.383908513112296,0.06141092877685671,0.941939669153422,0.05812548942582289,0.9591343777378882,463030.759765625
9.477077185463659e-05,47066,53.133290434743344,0.061594356860578764,0.9403178722024003,0.05821757583515592,0.9571370936257122,461798.697265625
9.605048678696743e-05,46844,52.88267235637439,0.06184356587823414,0.9396691534219915,0.05840884708520906,0.9569189255720782,459701.150390625
9.734859289473685e-05,46622,52.63205427800544,0.06205225001072455,0.9383717158611742,0.05862992413905906,0.9563089733440445,457807.587890625
9.873082142857143e-05,46400,52.38143619963649,0.06226293103448276,0.9370742783003568,0.05879199044102437,0.9549312239518112,456274.587890625
0.00010006021413533835,46178,52.13081812126754,0.06247563774957772,0.9357768407395394,0.05897961104450849,0.9544031221754992,454342.587890625
0.000101303885,45970,51.89600478657952,0.06273656732651729,0.9354524813493351,0.05916579645658551,0.9541732754598513,452380.525390625
0.00010239341,45744,51.64087106715887,0.06300279818118223,0.9348037625689264,0.05942891842682951,0.9536196203717823,450400.525390625
0.00010371006141854636,45512,51.37896388616069,0.06330198628933029,0.934479403178722,0.05962418409196463,0.9535035657475524,448145.025390625
0.0001051895042255639,45290,51.12834580779174,0.06359019651137117,0.9341550437885177,0.059864217199574715,0.9534503296813919,445960.025390625
0.00010666437333333333,45068,50.87772772942279,0.06388124611697879,0.9338306843983133,0.06003446685634016,0.9522706184552755,444304.025390625
0.0001080876960651629,44846,50.627109651053836,0.06415287874057887,0.9331819656179047,0.06028644469538645,0.9519402886647497,442259.150390625
0.00010948172129323309,44624,50.376491572684884,0.0644720329867336,0.9331819656179047,0.06053962827529713,0.9519402886647497,440039.150390625
0.00011091865927318296,44402,50.12587349431594,0.06474933561551281,0.9325332468374959,0.06075381080690445,0.9511120685654579,438228.087890625
0.00011240772001002507,44179,49.87412650568406,0.06503089703252676,0.9318845280570872,0.061028899719508166,0.950833111578777,436149.087890625
0.00011388462263157894,43957,49.623508427315116,0.06529107991901176,0.9309114498864742,0.06125662165286399,0.9504692097940287,434129.978515625
0.00011543624922305763,43735,49.372890348946164,0.06555390419572425,0.9299383717158611,0.06145890287530701,0.950105075101491,432110.978515625
0.00011700651280701755,43513,49.12227227057721,0.06586537356652035,0.9296140123256569,0.06173238527961551,0.9500535026623981,429925.197265625
0.00011859263657894737,43291,48.87165419220826,0.06615693793167171,0.9289652935452481,0.06191575244844873,0.9493915454522338,428036.056640625
0.00012013221373433575,43069,48.62103611383931,0.06645150804522974,0.9283165747648394,0.0621005415533172,0.9485269917377875,426242.056640625
0.00012164269208020048,42847,48.37041803547036,0.06674913062758187,0.9276678559844308,0.06236140292820317,0.9482247439721613,424183.994140625
0.0001234111384962406,42625,48.11979995710141,0.06700293255131964,0.9263704184236133,0.06260178698388118,0.9474602740620968,422362.994140625
0.00012533664120300753,42403,47.86918187873246,0.06730655849821947,0.9257216996432047,0.06280536062588732,0.9471345358822773,420315.962890625
0.00012721135666666665,42181,47.61856380036351,0.06766079514473342,0.9257216996432047,0.0631363804267598,0.9471345358822773,418095.962890625
0.00012886365263157894,41959,47.36794572199456,0.06799494744869992,0.9253973402530004,0.0633635671421715,0.9470799356419214,415911.603515625
0.00013065310015037592,41737,47.11732764362561,0.06833265447923904,0.925072980862796,0.06367435514940371,0.9469628162963684,413756.603515625
0.000132340905839599,41515,46.866709565256656,0.06864988558352403,0.9244242620823873,0.0638498455530305,0.9461962169436574,411916.603515625
0.0001342547641353383,41293,46.616091486887704,0.06894631051267769,0.9234511839117743,0.06411050214306012,0.9455448736741838,410032.478515625
0.00013600259664160402,41071,46.36547340851876,0.06927028803778822,0.9228024651313655,0.06440716595691064,0.9452106842688613,407989.416015625
0.0001377170320802005,40849,46.11485533014981,0.06957330656809224,0.9218293869607526,0.06455449256361312,0.9438137698928103,406455.416015625
0.0001395104857142857,40627,45.86423725178086,0.06992886504049031,0.9215050275705482,0.06483727656140988,0.9433559397238301,404460.416015625
0.00014128664982456136,40405,45.613619173411905,0.0702388318277441,0.9205319493999351,0.06507749249343901,0.942969445883505,402451.916015625
0.00014351885533834586,40183,45.363001095042954,0.0705771097230172,0.9198832306195265,0.06533378432319342,0.9425605928953924,400443.916015625
0.00014552816812030074,39961,45.112383016674,0.07086909736993569,0.918585793058709,0.06546541647112966,0.940471509841631,399244.962890625
0.00014762051736842103,39739,44.86176493830506,0.0712650041520924,0.918585793058709,0.06576858840996948,0.940471509841631,397024.962890625
0.00014985408521303253,39517,44.611146859936106,0.07161474808310347,0.9179370742783004,0.06604894847731964,0.9401256085017532,394987.400390625
0.00015217510954887217,39295,44.360528781567155,0.07191754676167451,0.9166396367174829,0.06629981083496196,0.9392911331646876,393199.275390625
0.00015387274726817043,39073,44.1099107031982,0.07230056560796458,0.9163152773272786,0.06661827017874394,0.9392293793279414,391018.275390625
0.00015602008526315788,38851,43.85929262482925,0.0726622223366194,0.91566655854687,0.06686465765465892,0.9390948251707207,388881.462890625
0.000157959599774436,38629,43.6086745464603,0.07307981050506096,0.91566655854687,0.06724144489805886,0.9390948251707207,386661.462890625
0.0001601012195238095,38407,43.35805646809135,0.07350222615669019,0.91566655854687,0.0675518813117866,0.9390948251707207,384441.462890625
0.00016227971305764422,38185,43.107438389722404,0.07390336519575749,0.9153421991566656,0.06791409160439468,0.9389904824810462,382280.462890625
0.00016424386714285712,37963,42.85682031135345,0.07430919579590654,0.9150178397664612,0.06825873527590226,0.9387606357653984,380178.400390625
0.00016658047456140346,37741,42.6062022329845,0.07461381521422326,0.9133960428154395,0.06839739145966693,0.9361020266213437,379256.900390625
0.0001688758453132832,37519,42.35558415461555,0.07500199898717982,0.9127473240350308,0.06874164464296352,0.9359295417669837,377137.900390625
0.00017121816526315808,37297,42.1049660762466,0.07536799206370486,0.9117742458644178,0.06902705226411736,0.9350374383882994,375366.837890625
0.00017347931007518798,37075,41.854347997877646,0.07581928523263655,0.9117742458644178,0.06938379148925126,0.9350374383882994,373146.837890625
0.0001758049478195488,36853,41.6037299195087,0.07619461102216916,0.9108011676938047,0.0696483417425177,0.93367259874211,371597.775390625
0.0001779680697744361,36631,41.35311184113975,0.07662908465507356,0.9104768083036003,0.0700964824479783,0.9335605368228421,369440.400390625
0.00018030392741854638,36409,41.1024937627708,0.0769864593919086,0.909179370742783,0.07041538464831726,0.9329197076764353,367561.337890625
0.00018310374989974923,36187,40.85187568440185,0.07745875590681736,0.909179370742783,0.07085905457486417,0.9329197076764353,365341.337890625
0.0001857995472932329,35965,40.601257606032895,0.0779090782705408,0.9088550113525786,0.07124160887591945,0.9328579538396892,363160.337890625
0.00018842699368421046,35743,40.350639527663944,0.0783370170383012,0.90820629257217,0.07158652566455748,0.9325428961456431,361108.291015625
0.00019047567706766927,35521,40.10002144929499,0.07879845725064047,0.9078819331819656,0.07189288615925946,0.9324172590295043,358957.291015625
0.00019319568563909767,35299,39.84940337092605,0.07926570157794838,0.9075575737917613,0.07233072566816694,0.9323129163398298,356796.291015625
0.0001956851030827065,35077,39.598785292557096,0.07973886022179776,0.9072332144015569,0.07275983720918036,0.9321651862562345,354655.666015625
0.00019873629368421053,34855,39.348167214188145,0.08016066561468943,0.9062601362309439,0.073255506247192,0.9319601774927045,352561.939453125
0.00020194530225563912,34633,39.09754913581919,0.08058787861288366,0.9052870580603308,0.07360868539859461,0.9313106974855466,350676.939453125
0.0002048981317794486,34411,38.84693105745024,0.08102060387666735,0.9043139798897178,0.073885701969325,0.9287767938264729,349676.876953125
0.0002082439942105261,34189,38.59631297908129,0.08148819795840767,0.9036652611093091,0.07425856340638146,0.928440474978504,347634.814453125
0.00021145768353383453,33967,38.345694900712346,0.08193246386198369,0.9026921829386961,0.07468051442478814,0.9273662709810095,345949.267578125
0.0002144409942857144,33745,38.095076822343394,0.08244184323603497,0.9023678235484918,0.0750626577409288,0.9272896775908211,343775.236328125
0.00021744662982456137,33523,37.84445874397444,0.08286847835814216,0.9010703859876743,0.0754227065860904,0.9262036618411472,342105.236328125
0.00022065945563909766,33301,37.59384066560549,0.08339088916248762,0.90074602659747,0.07580544510514171,0.9261312607911689,339929.236328125
0.00022376544699248112,33079,37.34322258723654,0.08392031198041053,0.9004216672072657,0.07615894865131781,0.9249515495650527,338273.236328125
0.00022697327305764415,32857,37.09260450886759,0.08448732385792981,0.9004216672072657,0.07663963770947382,0.9249515495650527,336053.236328125
0.00022982318947368418,32635,36.841986430498636,0.0850007660487207,0.899772948426857,0.077088915235979,0.9245064960519509,334062.236328125
0.00023329339017543832,32413,36.59136835212969,0.0855829451146145,0.899772948426857,0.07755267509616766,0.9245064960519509,331842.236328125
0.00023674405318295736,32191,36.34075027376074,0.08611102482060203,0.8991242296464482,0.07797195206772853,0.9237906705973405,329978.392578125
0.0002408827770676692,31969,36.09013219539179,0.08661515843473365,0.8981511514758352,0.07832809282375561,0.9233713034861613,327985.330078125
0.00024469903729323287,31747,35.83951411702284,0.08712634264654928,0.8971780733052221,0.07871678291517588,0.9231087831349074,325918.611328125
0.00024850922731829565,31525,35.588896038653886,0.08767644726407613,0.8965293545248135,0.07912992070349681,0.9226723804825568,323923.548828125
0.00025230602030075174,31303,35.338277960284934,0.08823435453470914,0.8958806357444048,0.07959543094745661,0.9224510556965623,321827.484375
0.00025618166473684214,31081,35.08765988191599,0.08876805765580258,0.8949075575737918,0.08008878622355646,0.9210020365207565,320317.953125
0.00026018900082706766,30859,34.83704180354704,0.08927703425256814,0.8936101200129744,0.0804766207469144,0.9192058516485018,318981.453125
0.0002643116962406015,30637,34.586423725178086,0.08979338708098052,0.892312682452157,0.08098299528394837,0.9184564209271275,317153.390625
0.00026827175401002504,30415,34.335805646809135,0.0904487917146145,0.892312682452157,0.08145754309651176,0.9184564209271275,314933.390625
0.00027270501984962415,30193,34.08518756844018,0.09091511277448415,0.8903665261109309,0.0819664129233303,0.9170564454772722,313430.828125
0.0002769520405263157,29971,33.83456949007123,0.09148843882419673,0.8893934479403178,0.08227955871394317,0.9144462146083409,312466.609375
0.0002811960468671679,29749,33.58395141170229,0.09200309254092574,0.8877716509892961,0.08281720851623176,0.9136093769208394,310689.59375
0.00028539021333333326,29527,33.333333333333336,0.09262708707284859,0.8871229322088875,0.08309410247260642,0.9104705784600172,309963.59375
0.0002899555605263158,29305,33.082715254964384,0.093158164135813,0.8855011352578657,0.0831538931774606,0.9042174701288066,310730.09375
0.00029400991739348363,29083,32.83209717659543,0.0937661176632397,0.8845280570872527,0.08375572125476309,0.9035128907931725,308870.96875
0.00029920300010025043,28861,32.58147909822648,0.09445272166591594,0.8842036976970483,0.08428363330379672,0.9028485046874897,306972.96875
0.0003042327373684208,28639,32.33086101985753,0.0949753832186878,0.8822575413558222,0.08471300175652821,0.9019404970340399,305239.375
0.0003091301268170428,28417,32.08024294148858,0.09561178167998029,0.8812844631852093,0.0852235325442867,0.9016785755885304,303172.375
0.0003152247497243105,28195,31.82962486311963,0.09622273452739848,0.8799870256243918,0.08551784590624831,0.8987889219173392,302349.375
0.00032096946526315786,27973,31.579006784750682,0.09691488220784328,0.8793383068439832,0.08612310698970381,0.8984973213649451,300286.3125
0.00032621424,27752,31.329517616644655,0.0975785528970885,0.8783652286733701,0.08652873876326445,0.8965661165198908,299013.21875
0.0003316905730325816,27529,31.07777062801278,0.09829634203930401,0.8777165098929613,0.08712307395483683,0.8963831175424641,296889.15625
0.000336244044962406,27307,30.827152549643827,0.0988391254989563,0.875445994161531,0.08767444399567306,0.8941911890633889,295768.5
0.0003419649674185461,27085,30.57653447127488,0.09942772752446004,0.8734998378203049,0.08823213850006438,0.8935676616384842,293901.3125
0.00034795911110275634,26863,30.325916392905928,0.10021218776756133,0.8731754784301006,0.08885400412156563,0.8930353009768793,291941.3125
0.00035332007,26642,30.0764272247999,0.10096839576608363,0.8725267596496918,0.08922805414664832,0.8909633532819132,290724.3125
0.00035889825684210473,26419,29.824680236168028,0.1017449562814641,0.8718780408692831,0.08984314629007782,0.8908250060549787,288579.28125
0.00036560403844611484,26197,29.574062157799077,0.10230179028132992,0.8692831657476484,0.09044241304401743,0.8876297773640264,287939.78125
0.00037136730210526306,25975,29.323444079430125,0.10290664100096246,0.867012650016218,0.0909229059284348,0.8864801445152907,286329.65625
0.0003772144295989975,25753,29.072826001061177,0.10367724148642876,0.866039571845605,0.09157465511795768,0.884999316789954,284835.0625
0.0003844920905263157,25531,28.822207922692225,0.10438290705416944,0.8644177748945832,0.09210694317629468,0.8842283587343261,283027.109375
0.00038999297571428544,25309,28.571589844323274,0.10521948713896243,0.8637690561141745,0.09283507240039425,0.8838728749025395,280994.046875
0.0003968618160400995,25087,28.320971765954326,0.10607087336070475,0.8631203373337658,0.09359127326955333,0.883381006923758,279025.03125
0.00040388268245614037,24865,28.070353687585374,0.10685702795093505,0.8618228997729485,0.09437961806511722,0.8829064073939372,277067.90625
0.00041148118233082665,24643,27.819735609216423,0.10761676743902934,0.8602011028219267,0.09496920473662697,0.8814112724758201,275600.03125
0.0004183357785463654,24421,27.56911753084747,0.10826747471438516,0.8576062277002919,0.09568833228166519,0.8795795691656738,274320.2109375
0.0004264626228320798,24199,27.318499452478523,0.10893012107938345,0.8550113525786571,0.09649372745992447,0.8779301827458565,272954.7734375
0.00043325037571428573,23977,27.06788137410957,0.10989698461025149,0.8546869931884528,0.09742038934179871,0.8777833842934191,270813.7109375
0.00044084876090225557,23755,26.81726329574062,0.11079772679435908,0.8537139150178398,0.09823511696698155,0.8767476766262667,269110.0859375
0.00044942005598997434,23533,26.566645217371672,0.11163047635235626,0.8520921180668181,0.09873326370521195,0.8728011123609479,268793.41796875
0.0004571145215789473,23311,26.31602713900272,0.11260778173394535,0.8514433992864093,0.09957110652588444,0.8721622795670221,266893.41796875
0.0004659915696741855,23089,26.06540906063377,0.11343063796613106,0.8494972429451833,0.09996779123296917,0.8666587350473511,267317.91796875
0.00047511125573934833,22867,25.81479098226482,0.11431320243145143,0.8478754459941615,0.10089161483399652,0.8646131392051345,266108.54296875
0.00048415867218045105,22645,25.56417290389587,0.11530139103554869,0.8469023678235484,0.10164514038709961,0.8633759330275648,264499.54296875
0.0004942020059649123,22423,25.313554825526918,0.11635374392364982,0.8462536490431398,0.10236842818117356,0.8612997264473059,263274.54296875
0.0005037745709273189,22201,25.06293674715797,0.11742714292149002,0.8456049302627311,0.10357766703057801,0.8602280844354953,261577.79296875
0.0005142225999248118,21979,24.81231866878902,0.11824923790891305,0.8430100551410963,0.10403940585650197,0.8544107133058082,262169.66796875
0.0005240796905263158,21757,24.561700590420067,0.11908810957393023,0.8404151800194616,0.1042197825341225,0.8452948355168175,264310.54296875
0.0005348058647869669,21535,24.31108251205112,0.11999071279312747,0.8381446642880311,0.1049747512945905,0.8411446183440288,264109.51171875
0.0005460409157894738,21313,24.060464433682167,0.12095903908412706,0.8361985079468051,0.10593972482369945,0.8377150844168876,263560.04296875
0.0005564362776190476,21091,23.809846355313216,0.12194775022521455,0.834252351605579,0.10632670563511111,0.8311883427056121,264465.04296875
0.0005681786733333329,20869,23.559228276944264,0.1229574967655374,0.8323061952643529,0.10707128420592858,0.8297739935178934,262969.23046875
0.0005802071412781951,20647,23.308610198575316,0.12384365767423838,0.8293869607525138,0.1076033137994881,0.8257349066332147,262736.01171875
0.0005917199574937345,20425,23.057992120206364,0.12479804161566707,0.826792085630879,0.10787167589757098,0.8199017310463862,263335.30859375
0.0006044540175438591,20203,22.807374041837413,0.12572390239073405,0.8238728511190399,0.1086668149181075,0.8170980369857735,262521.94140625
0.0006180472383458646,19981,22.556755963468465,0.12702066963615435,0.8232241323386312,0.10965089848760153,0.8148472161085083,261378.94140625
0.000631265208095238,19759,22.306137885099513,0.12824535654638392,0.8219266947778138,0.1107782814691365,0.8130414487443446,260046.94140625
0.0006449578545864663,19537,22.055519806730562,0.12960024568766956,0.8212779759974052,0.11195564481291745,0.8104413992730665,259067.94140625
0.000658553804661654,19315,21.804901728361614,0.13098628009319183,0.8206292572169964,0.11333364622991902,0.8100570348753878,257048.44140625
0.0006730378401002504,19093,21.554283649992662,0.13229979573665743,0.8193318196561791,0.11393603643070976,0.8058364795501846,256850.44140625
0.0006883149491228065,18871,21.30366557162371,0.13359122463038525,0.8177100227051574,0.11508214831179536,0.8046209005244925,255251.28515625
0.0007036282400000002,18649,21.053047493254763,0.13480615582604966,0.8154395069737269,0.11593707889745906,0.8002901299060664,255135.04296875
0.0007195934776691725,18427,20.80242941488581,0.13637597004395724,0.8151151475835225,0.11697369001320654,0.8002606670707006,252938.87890625
0.0007370617218045102,18205,20.55181133651686,0.13765449052458115,0.8128446318520921,0.11814594108659719,0.7989446715152135,251406.87890625
0.0007560355732330817,17983,20.30119325814791,0.13902018573096814,0.810898475510866,0.1191982319573091,0.7961685437551096,250550.56640625
0.000774300216290727,17761,20.05057517977896,0.14030741512302236,0.8083036003892312,0.11967040397830066,0.7893058824663614,251633.31640625
0.0007938553840852119,17539,19.79995710141001,0.14174126232966533,0.8063574440480052,0.12098802338089458,0.7869167809072443,250595.25390625
0.000812556901503756,17317,19.549339023041057,0.14280764566610846,0.8021407719753487,0.12117493280064225,0.7782158782539745,252591.25390625
0.0008315668307017532,17095,19.29872094467211,0.1440772155601053,0.7988971780733052,0.12238492870485879,0.7749141108856185,252021.78515625
0.0008504235571428571,16873,19.048102866303157,0.14573579090855213,0.7975997405124878,0.12336680259709587,0.7707904452008273,251778.28515625
0.0008696106759398493,16651,18.797484787934206,0.1472584229175425,0.7953292247810574,0.12474269308834357,0.7681360949420655,250874.78515625
0.0008929442012531325,16429,18.546866709565258,0.14870046868342565,0.7924099902692183,0.1261619166971764,0.7655966014960449,249937.34765625
0.0009142966836591466,16207,18.296248631196306,0.15005861664712777,0.7888420369769705,0.12686597498885532,0.7596408165943406,250624.22265625
0.0009413294229323314,15985,18.045630552827355,0.1520800750703785,0.7885176775867662,0.12868861706403742,0.7595790627575945,248443.22265625
0.0009650021206516281,15763,17.795012474458407,0.1535875150669289,0.7852740836847226,0.1292215390910247,0.7524721144702523,249660.69140625
0.0009943785087719282,15541,17.544394396089455,0.15526671385367738,0.7826792085630879,0.13090159179589592,0.7510230329084316,248201.189453125
0.001022841645112782,15319,17.293776317720503,0.1570598603041974,0.7804086928316575,0.1317487084277061,0.7463745261563808,248234.158203125
0.0010531425486215542,15097,17.043158239351555,0.15877326621183016,0.7774894583198183,0.13372921994054623,0.7443481618430645,247055.751953125
0.0010825114047619045,14875,16.792540160982604,0.16067226890756303,0.775218942588388,0.135213475687034,0.7421083874495276,245957.564453125
0.001112324690225563,14653,16.541922082613652,0.16262881321231148,0.7729484268569575,0.1371091943003042,0.7396751665005799,244950.220703125
0.0011426367636591472,14431,16.2913040042447,0.16485344051001316,0.7716509892961402,0.1395007660920042,0.7390236901409409,243076.158203125
0.0011711302626566445,14209,16.040685925875753,0.16693644872967836,0.7693804735647097,0.14152101361950786,0.736542956002945,242091.126953125
0.0012050998684210454,13987,15.790067847506801,0.16901408450704225,0.7667855984430749,0.1425078839447031,0.7276540302185047,244125.423828125
0.0012466454338345852,13765,15.539449769137851,0.1712313839447875,0.7645150827116445,0.14425001714136856,0.7261771951981302,242668.955078125
0.0012869377461152875,13543,15.2888316907689,0.1735213763567895,0.762244566980214,0.14596878461481635,0.7214410152996212,242743.095703125
0.0013244769097744383,13321,15.03821361239995,0.17596276555814128,0.760298410638988,0.14855908721279537,0.7205238909698414,241013.783203125
0.0013640704751879697,13099,14.787595534031,0.17841056569203756,0.7580278949075576,0.15139265546089417,0.7165606987519827,240724.923828125
0.0014040548401002464,12877,14.536977455662049,0.181020424011804,0.7560817385663315,0.15354832296246299,0.7131630898282671,240160.462890625
0.0014497904857142794,12655,14.286359377293099,0.1834057684709601,0.752838144664288,0.15569341998830014,0.7110205045280144,239046.634765625
0.0014944754052631584,12433,14.03574129892415,0.18619802139467545,0.7508919883230619,0.15813724203949947,0.7073426243522346,238613.791015625
0.0015424437436090195,12211,13.785123220555198,0.18827286872492016,0.7457022380797924,0.158901912820249,0.697568915148207,241143.587890625
0.001595531517293233,11989,13.534505142186248,0.19109183418133288,0.7431073629581576,0.16116488048127267,0.6934967886299674,240915.884765625
0.0016499407759398483,11767,13.283887063817296,0.19393218322427128,0.7401881284463185,0.16417936435750596,0.6893056295950472,240754.080078125
0.0017086235107769434,11545,13.033268985448347,0.1967951494153313,0.7369445345442751,0.16614281336492462,0.6827022944935832,241735.048828125
0.0017690519428571413,11323,12.782650907079397,0.20021195796167093,0.7353227375932533,0.16965315616034787,0.6800687395731654,240801.783203125
0.0018389892363408471,11101,12.532032828710445,0.2034050986397622,0.7324035030814142,0.17205202622771135,0.6755570328748762,240790.509765625
0.0019172191263157783,10879,12.281414750341495,0.2067285596102583,0.729484268569575,0.17568897627701616,0.6715516843471268,240541.447265625
0.0019932391218045117,10657,12.030796671972546,0.2100028150511401,0.7259163152773273,0.17845530327332268,0.6648822699785412,241563.447265625
0.0020742282451127704,10435,11.780178593603594,0.21379971250598945,0.7236457995458968,0.18175966863468646,0.6606319690013707,241409.416015625
0.0021599832877192957,10213,11.529560515234644,0.21756584744932927,0.7207265650340577,0.18572027292006327,0.6580972668013045,240469.728515625
0.002260889540601503,9991,11.278942436865693,0.22149934941447302,0.7178073305222186,0.18818175493898728,0.6479803513332486,243090.697265625
0.0023547233854636592,9769,11.028324358496743,0.22540689937557581,0.7142393772299708,0.1898510219210271,0.6370487244176891,246114.259765625
0.0024561316052631563,9547,10.777706280127793,0.22949617680946893,0.710671423937723,0.19434407462093836,0.6337359687925522,245559.951171875
0.0025660893052631474,9325,10.527088201758842,0.23367292225201072,0.7067791112552708,0.19691811315617172,0.625305438810295,247418.982421875
0.0026911141353383405,9103,10.276470123389892,0.2382730967812809,0.7035355173532274,0.20066615098033955,0.6179225779738056,248766.021484375
0.002814139570426065,8881,10.025852045020942,0.2431032541380475,0.700291923451184,0.20434869660559643,0.609562020146008,250572.193359375
0.0029399587330827055,8659,9.77523396665199,0.24748816260538167,0.6951021732079143,0.20773951044446531,0.6013783890568408,252355.279296875
0.0030828569333333114,8437,9.52461588828304,0.25281498162854094,0.6918585793058709,0.2125554716412458,0.5999510386235894,250905.572265625
0.003254917132330828,8215,9.27399780991409,0.2585514303104078,0.6889393447940317,0.21823109231930088,0.596538473692537,250378.134765625
0.0034394434360902277,7993,9.02337973154514,0.2643563117728012,0.6853713915017839,0.22481309516582781,0.5929409134315767,249957.572265625
0.0036337252701754415,7771,8.77276165317619,0.27010680736070003,0.6808303600389232,0.2300751233183638,0.5890292853346757,249714.498046875
0.0038675806160400616,7549,8.522143574807238,0.27593058683269306,0.6756406097956535,0.2332797626281943,0.5790305206609547,252349.982421875
0.0041183392518797,7327,8.271525496438288,0.2826532004913334,0.6717482971132014,0.24012571104712976,0.575491520072771,251911.919921875
0.004369479504260652,7105,8.020907418069338,0.2892329345531316,0.6665585468699319,0.24571538012843225,0.5690882527624465,252858.935546875
0.004679742837092736,6883,7.770289339700387,0.29609182042713933,0.661044437236458,0.25152574940406713,0.5616280499035883,254312.294921875
0.005012535795488715,6661,7.519671261331437,0.3032577691037382,0.6552059682127798,0.25817343366229667,0.5579531143477179,253998.068359375
0.005382140853884713,6439,7.2690531829624865,0.31153905886007144,0.6506649367499189,0.2663356214904089,0.5525213386997395,254468.865234375
0.005798064484210527,6217,7.018435104593536,0.32137686987292907,0.6480700616282842,0.2749929469140675,0.5492615612785676,253859.677734375
0.006313332334586471,5995,6.767817026224585,0.3302752293577982,0.6422315926046059,0.28424364612872516,0.5462248097020668,253245.755859375
0.0068988310679197655,5773,6.517198947855635,0.34089728044344364,0.6383392799221538,0.2936662752331344,0.541890354149686,253181.244140625
0.007490510142105265,5551,6.266580869486685,0.351288056206089,0.6325008108984755,0.3006176844817891,0.5314187866633773,256058.759765625
0.008192135432330829,5329,6.015962791117734,0.3625445674610621,0.6266623418747973,0.31377233593240184,0.5218351801243546,258519.283203125
0.009066262604010026,5107,5.765344712748783,0.372821617387899,0.6175802789490755,0.3185022760306178,0.49968189786842043,266982.607421875
0.010067809551378374,4885,5.514726634379834,0.3852610030706244,0.6104443723645799,0.3280731193210763,0.4854528955599632,271664.638671875
0.011440534578947378,4663,5.264108556010883,0.3995282007291443,0.6042815439506973,0.3409150747229208,0.4706364998065077,276592.513671875
0.01269438374185464,4441,5.013490477641932,0.4161224949335735,0.5994161530976322,0.35664666972819786,0.46188372526127286,278632.873046875
0.014509195904761914,4219,4.762872399272982,0.43375207395117327,0.593577684073954,0.3753312893586573,0.45262054993172435,280942.919921875
0.016589193481202944,3997,4.512254320904032,0.45158869151863895,0.5854686993188453,0.396587209619406,0.44470527852481795,282689.982421875
0.01966861127819549,3775,4.261636242535081,0.47152317880794703,0.5773597145637366,0.4230320539118947,0.42987134814207084,287686.091796875
0.023942778601503765,3553,4.01101816416613,0.49254151421334086,0.5676289328576062,0.4522977192744327,0.41809910710556664,291294.412109375
0.0290334547593985,3331,3.7604000857971798,0.5157610327229061,0.5572494323710672,0.47747354418368815,0.40627672434924755,294946.279296875
0.036059287052631214,3109,3.5097820074282295,0.5442264393695722,0.5488160882257541,0.5043130204091768,0.388785964903408,301200.052734375
0.04569487806766921,2887,3.259163929059279,0.5749913404918601,0.5384365877392151,0.5375261660037673,0.37628046360062584,305172.716796875
0.06075458956390988,2665,3.0085458506903286,0.6093808630393996,0.5267596496918586,0.5730762959511307,0.3650562878652438,308583.662109375
0.08173121627067671,2443,2.757927772321378,0.6500204666393778,0.5150827116445021,0.6188153200661923,0.34856694873269506,314467.162109375
0.11633629157894705,2221,2.5073096939524278,0.6956325979288609,0.5011352578657152,0.6806369300939175,0.33352012399411807,319743.248046875
0.1775369199248124,1999,2.256691615583477,0.7413706853426714,0.4807006162828414,0.7358772765769362,0.30960286468595616,329384.947265625
0.2718436467167925,1777,2.006073537214527,0.7760270118176702,0.4472915990917937,0.774813105859769,0.28467668210642905,339900.443359375
0.4343909926315796,1555,1.7554554588455764,0.827652733118971,0.41745053519299385,0.8452984908442485,0.26317624038432913,348697.189453125
0.6314863150375679,1333,1.504837380476626,0.8642160540135033,0.37366201751540706,0.884792289762811,0.23597860795189948,360599.373046875
0.8052930758395992,1111,1.2542193021076755,0.8865886588658866,0.3194939993512812,0.9119120862749222,0.20162301210810238,376182.982421875
0.9257531040100252,889,1.003601223738725,0.9032620922384702,0.2604605903340902,0.9415924935777465,0.16271765409684677,394053.189453125
0.9753879646616542,667,0.7529831453697745,0.9280359820089955,0.20077846253649043,0.9649510093735637,0.12931431422742767,409359.61328125
0.9956443418295738,445,0.5023650670008241,0.9483146067415731,0.1368796626662342,0.9696009917731853,0.08732003329483395,428830.3984375
0.9996051689223058,223,0.25174698863187367,0.9865470852017937,0.07135906584495622,0.9889140991923453,0.04574976931107315,448152.0625
0.9999991,1,0.0011289102629232003,1.0,0.0003243593902043464,1.0,0.0004258885292838832,469406.44921875
